{"cameraMode":{"drawMode":0,"name":"Shaded","section":"Shading Mode"},"sceneLighting":true,"audioPlay":false,"sceneViewState":{"m_AlwaysRefresh":false,"showFog":true,"showSkybox":true,"showFlares":true,"showImageEffects":true,"showParticleSystems":true,"showVisualEffectGraphs":true,"m_FxEnabled":true},"in2DMode":false,"pivot":{"x":-15.55832290649414,"y":1.8378430604934693,"z":8.802523612976075},"rotation":{"x":0.0026612491346895696,"y":0.13106010854244233,"z":0.0003931229584850371,"w":-0.9915202260017395},"size":5.329198837280273,"orthographic":false}