{"cameraMode":{"drawMode":0,"name":"Shaded","section":"Shading Mode"},"sceneLighting":true,"audioPlay":false,"sceneViewState":{"m_AlwaysRefresh":false,"showFog":true,"showSkybox":true,"showFlares":true,"showImageEffects":true,"showParticleSystems":true,"showVisualEffectGraphs":true,"m_FxEnabled":true},"in2DMode":false,"pivot":{"x":2.6369850635528566,"y":0.9902570843696594,"z":-3.3907735347747804},"rotation":{"x":0.24113455414772035,"y":-0.5634967684745789,"z":0.1763134002685547,"w":0.770383894443512},"size":0.8660253882408142,"orthographic":false}