{"cameraMode":{"drawMode":0,"name":"Shaded","section":"Shading Mode"},"sceneLighting":true,"audioPlay":false,"sceneViewState":{"m_AlwaysRefresh":false,"showFog":true,"showSkybox":true,"showFlares":true,"showImageEffects":true,"showParticleSystems":true,"showVisualEffectGraphs":true,"m_FxEnabled":true},"in2DMode":false,"pivot":{"x":-3.4253973960876467,"y":-1.6517200469970704,"z":1.1731834411621094},"rotation":{"x":-0.16508115828037263,"y":0.40193477272987368,"z":-0.07382528483867645,"w":-0.8977950215339661},"size":5.329198837280273,"orthographic":false}